Handle,Title,Body (HTML),Vendor,Product Category,Type,Tags,Published,Option1 Name,Option1 Value,Variant SKU,Variant Grams,Variant Inventory Tracker,Variant Inventory Qty,Variant Inventory Policy,Variant Fulfillment Service,Variant Price,Variant Compare At Price,Variant Requires Shipping,Variant Taxable,Image Src,Image Position,Image Alt Text,SEO Title,SEO Description,Status
mayur-nazar-trio,Mayur Nazar Trio,"<p>Celebrate the timeless bond of Raksha Bandhan with the Mayur Nazar Trio by Delisha Karigari a handcrafted collection of three premium designer rakhis inspired by the elegance of peacock feathers and the protective symbolism of the Evil Eye. Featuring intricate beadwork, vibrant blue hues, premium stones, and handcrafted detailing, each rakhi is thoughtfully designed to represent love, blessings, prosperity, and protection. Whether you're tying a rakhi to your brother, gifting family, or celebrating traditions with style, this elegant set brings together modern craftsmanship and timeless Indian heritage. Every Delisha Karigari creation is lovingly handcrafted, making each piece a meaningful keepsake that your loved ones will cherish long after Raksha Bandhan.</p>",Delisha Karigari,Arts & Entertainment > Party & Celebration > Gift Giving > Gift Wrapping,Nazariya Collection,"Festive, Gift, Handcrafted, Nazariya, Nazariya Collection, Peacock, Rakhi, Set",TRUE,Title,Default Title,DK-029,100,shopify,20,deny,manual,599.00,,TRUE,TRUE,https://res.cloudinary.com/m5yixuhw/image/upload/v1785441060/029_2_dnfh5b.png,1,Mayur Nazar Trio,Mayur Nazar Trio | Delisha Karigari,"A luxurious handcrafted set of three designer Evil Eye rakhis inspired by the majestic peacock. The Mayur Nazar Trio combines premium craftsmanship, elegant blu",active
mayur-nazar-trio,,,,,,,,,,,,,,,,,,,,https://res.cloudinary.com/m5yixuhw/image/upload/v1785420045/029_3_haqedq.png,2,Mayur Nazar Trio - Image 2,,,
shree-ganesh-rakhi-trio,Shree Ganesh Rakhi Trio,"<p>Begin your Raksha Bandhan celebrations with divine blessings through the Shree Ganesh Rakhi Trio by Delisha Karigari. Inspired by Lord Ganesha the remover of obstacles and the symbol of new beginnings this luxurious festive hamper beautifully blends spirituality with premium craftsmanship.</p><p>The collection features three handcrafted designer rakhis, including a personalized initial rakhi, a sacred Om motif rakhi, and a vibrant peacock-inspired rakhi. Paired with an elegant decorative pooja thali complete with roli and chawal holders, this set brings together tradition, style, and thoughtful gifting in one premium package.</p><p>Crafted with high-quality beads, stones, pearls, and intricate detailing, every piece is designed to make your Raksha Bandhan celebrations more memorable while serving as a cherished keepsake for years to come.</p>",Delisha Karigari,Arts & Entertainment > Party & Celebration > Gift Giving > Gift Wrapping,Blessed Collection,"Blessed Collection, Festive, Ganesh, Gift, Handcrafted, Rakhi, Set",TRUE,Title,Default Title,DK-032,100,shopify,20,deny,manual,899.00,,TRUE,TRUE,https://res.cloudinary.com/m5yixuhw/image/upload/v1785441061/032_1_i8susx.png,1,Shree Ganesh Rakhi Trio,Shree Ganesh Rakhi Trio | Delisha Karigari,"Invoke Lord Ganesha's blessings with the Shree Ganesh Rakhi Trio a premium handcrafted Rakhi gift set featuring three designer rakhis, including a personalized ",active
shree-ganesh-rakhi-trio,,,,,,,,,,,,,,,,,,,,https://res.cloudinary.com/m5yixuhw/image/upload/v1785441062/032_2_ru34vl.png,2,Shree Ganesh Rakhi Trio - Image 2,,,
shree-ganesh-rakhi-trio,,,,,,,,,,,,,,,,,,,,https://res.cloudinary.com/m5yixuhw/image/upload/v1785441061/032_3_ivbglo.png,3,Shree Ganesh Rakhi Trio - Image 3,,,
handmade-designer-rakhi-combo-set-of-3-premium-colorful-beaded-rakhi-for-brother-raksha-bandhan-gift,Handmade Designer Rakhi Combo Set of 3 | Premium Colorful Beaded Rakhi for Brother | Raksha Bandhan Gift,"<p>Celebrate the bond of love with this handmade designer Rakhi combo set of 3 by Delisha Karigari. Featuring vibrant handcrafted beadwork and festive detailing, this premium Raksha Bandhan Rakhi set is perfect for brothers of all ages. Thoughtfully designed for tradition and style, it's an ideal gift to make your Raksha Bandhan celebrations even more memorable.</p>",Delisha Karigari,Arts & Entertainment > Party & Celebration > Gift Giving > Gift Wrapping,Royal Pearl Rakhi Collection,"Festive, Gift, Handcrafted, Rakhi, Royal Pearl Rakhi Collection, Set",TRUE,Title,Default Title,DK-300,100,shopify,20,deny,manual,699.00,,TRUE,TRUE,https://res.cloudinary.com/m5yixuhw/image/upload/v1785441062/030_2_lusm4b.png,1,Handmade Designer Rakhi Combo Set of 3 | Premium Colorful Beaded Rakhi for Brother | Raksha Bandhan Gift,Handmade Designer Rakhi Combo Set of 3 | Premium Colorful Beaded Rakhi,"Celebrate the bond of love with this handmade designer Rakhi combo set of 3 by Delisha Karigari. Featuring vibrant handcrafted beadwork and festive detailing, t",active
handmade-designer-rakhi-combo-set-of-3-premium-colorful-beaded-rakhi-for-brother-raksha-bandhan-gift,,,,,,,,,,,,,,,,,,,,https://res.cloudinary.com/m5yixuhw/image/upload/v1785441062/030_3_hjrlfl.png,2,Handmade Designer Rakhi Combo Set of 3 | Premium Colorful Beaded Rakhi for Brother | Raksha Bandhan Gift - Image 2,,,
emerald-noor-pearl-rakhi-lumba-set,Emerald Noor Pearl Rakhi Lumba Set,"<p>Add timeless elegance to your Raksha Bandhan celebrations with the Panna Pearl Lumba Set from Delisha Karigari. Inspired by royal Indian craftsmanship, this premium Bhaiya Bhabhi Rakhi set showcases a luxurious multi-layer pearl lumba paired with a matching handcrafted rakhi adorned with emerald green and ruby-toned stones.</p><p>The set comes complete with a beautifully embellished decorative pooja thali featuring roli and chawal holders, making it an ideal choice for traditional Raksha Bandhan rituals. Carefully handcrafted using premium pearls, sparkling stones, and intricate detailing, this elegant gift set is perfect for celebrating the cherished bond between Bhaiya and Bhabhi.</p>",Delisha Karigari,Arts & Entertainment > Party & Celebration > Gift Giving > Gift Wrapping,Royal Pearl Rakhi Collection,"Bhaiya Bhabhi, Festive, Gift, Handcrafted, Lumba, Pearl, Rakhi, Royal Pearl Rakhi Collection, Set",TRUE,Title,Default Title,DK-033,100,shopify,20,deny,manual,899.00,,TRUE,TRUE,https://res.cloudinary.com/m5yixuhw/image/upload/v1785528491/033_2_ayal4g.png,1,Emerald Noor Pearl Rakhi Lumba Set,Emerald Noor Pearl Rakhi Lumba Set | Delisha Karigari,Celebrate Raksha Bandhan in royal style with the Emerald Pearl Rakhi Lumba Set by Delisha Karigari. This handcrafted Bhaiya Bhabhi Rakhi set features an elegant,active
emerald-noor-pearl-rakhi-lumba-set,,,,,,,,,,,,,,,,,,,,https://res.cloudinary.com/m5yixuhw/image/upload/v1785528492/033_3_jxkuq7.png,2,Emerald Noor Pearl Rakhi Lumba Set - Image 2,,,
emerald-noor-pearl-rakhi-lumba-set,,,,,,,,,,,,,,,,,,,,https://res.cloudinary.com/m5yixuhw/image/upload/v1785528490/033_4_e5c9v2.png,3,Emerald Noor Pearl Rakhi Lumba Set - Image 3,,,
emerald-pearl-rakhi-lumba-set-premium-bhaiya-bhabhi-rakhi-with-pearl-lumba-evil-eye-charm,Emerald Pearl Rakhi Lumba Set | Premium Bhaiya Bhabhi Rakhi with Pearl Lumba & Evil Eye Charm,"<p>The Emerald Pearl Rakhi Lumba Set is a timeless blend of elegance, tradition, and protection. Handcrafted with lustrous pearls, emerald-inspired stones, sparkling embellishments, and a beautiful evil eye charm, this premium Bhaiya Bhabhi Rakhi set symbolizes love, prosperity, and positive energy.</p><p>Designed for modern celebrations while preserving traditional craftsmanship, this luxurious Rakhi set is perfect for gifting your Bhaiya and Bhabhi on Raksha Bandhan. Every detail reflects the premium artistry and festive elegance of Delisha Karigari, making it a keepsake they'll cherish long after the festival.</p>",Delisha Karigari,Arts & Entertainment > Party & Celebration > Gift Giving > Gift Wrapping,Royal Pearl Rakhi Collection,"Bhaiya Bhabhi, Festive, Gift, Handcrafted, Lumba, Nazariya, Pearl, Rakhi, Royal Pearl Rakhi Collection, Set",TRUE,Title,Default Title,DK-035,100,shopify,20,deny,manual,899.00,,TRUE,TRUE,https://res.cloudinary.com/m5yixuhw/image/upload/v1785528491/035_2_t01kp7.png,1,Emerald Pearl Rakhi Lumba Set | Premium Bhaiya Bhabhi Rakhi with Pearl Lumba & Evil Eye Charm,Emerald Pearl Rakhi Lumba Set | Premium Bhaiya Bhabhi Rakhi with Pearl,"Celebrate Raksha Bandhan with the Panna Nazariya Pearl Lumba Set by Delisha Karigari. This handcrafted Bhaiya Bhabhi Rakhi features an elegant pearl lumba, emer",active
emerald-pearl-rakhi-lumba-set-premium-bhaiya-bhabhi-rakhi-with-pearl-lumba-evil-eye-charm,,,,,,,,,,,,,,,,,,,,https://res.cloudinary.com/m5yixuhw/image/upload/v1785528502/035_3_vkwyti.png,2,Emerald Pearl Rakhi Lumba Set | Premium Bhaiya Bhabhi Rakhi with Pearl Lumba & Evil Eye Charm - Image 2,,,
ruby-panna-pearl-lumba-set,Ruby Panna Pearl Lumba Set,"<p>The Ruby Panna Pearl Lumba Set from Delisha Karigari's Regal Pearl Collection is inspired by timeless Indian royalty. Featuring premium pearls, ruby-red and emerald-green stone detailing, a matching designer rakhi, this handcrafted Bhaiya Bhabhi Rakhi set beautifully blends tradition with luxury. Perfect for gifting, it adds grace, blessings, and festive charm to your Raksha Bandhan celebrations while becoming a cherished keepsake.</p>",Delisha Karigari,Arts & Entertainment > Party & Celebration > Gift Giving > Gift Wrapping,Royal Pearl Rakhi Collection,"Bhaiya Bhabhi, Festive, Gift, Handcrafted, Lumba, Pearl, Rakhi, Royal Pearl Rakhi Collection, Set",TRUE,Title,Default Title,DK-036,100,shopify,20,deny,manual,899.00,,TRUE,TRUE,https://res.cloudinary.com/m5yixuhw/image/upload/v1785528493/036_2_i5luyp.png,1,Ruby Panna Pearl Lumba Set,Ruby Panna Pearl Lumba Set | Delisha Karigari,"Celebrate Raksha Bandhan with Delisha Karigari's handcrafted Ruby Panna Pearl Lumba Set, featuring a luxurious pearl lumba, matching designer rakhi, crafted to ",active
ruby-panna-pearl-lumba-set,,,,,,,,,,,,,,,,,,,,https://res.cloudinary.com/m5yixuhw/image/upload/v1785528495/036_3_dwcrey.png,2,Ruby Panna Pearl Lumba Set - Image 2,,,
neelam-pearl-bhaiya-bhabhi-rakhi-lumba-set,Neelam Pearl Bhaiya Bhabhi Rakhi Lumba Set,"<p>Celebrate the cherished bond of Raksha Bandhan with Delisha Karigari's Neelam Pearl Bhaiya Bhabhi Set. Crafted with premium pearl strands, a luxurious sapphire-blue centerpiece, delicate crystal detailing, and a matching designer rakhi, this elegant set beautifully blends traditional craftsmanship with contemporary luxury. A thoughtful keepsake for Bhaiya & Bhabhi that makes every Raksha Bandhan truly memorable.</p>",Delisha Karigari,Arts & Entertainment > Party & Celebration > Gift Giving > Gift Wrapping,Royal Pearl Rakhi Collection,"Bhaiya Bhabhi, Festive, Gift, Handcrafted, Lumba, Pearl, Rakhi, Royal Pearl Rakhi Collection, Set",TRUE,Title,Default Title,DK-037,100,shopify,20,deny,manual,899.00,,TRUE,TRUE,https://res.cloudinary.com/m5yixuhw/image/upload/v1785528493/037_2_ywd2ch.png,1,Neelam Pearl Bhaiya Bhabhi Rakhi Lumba Set,Neelam Pearl Bhaiya Bhabhi Rakhi Lumba Set | Delisha Karigari,"A handcrafted pearl Bhaiya Bhabhi Rakhi set adorned with a royal sapphire-inspired centerpiece, designed to add timeless elegance and festive charm to your Raks",active
neelam-pearl-bhaiya-bhabhi-rakhi-lumba-set,,,,,,,,,,,,,,,,,,,,https://res.cloudinary.com/m5yixuhw/image/upload/v1785528493/037_3_c8vofc.png,2,Neelam Pearl Bhaiya Bhabhi Rakhi Lumba Set - Image 2,,,
neelam-pearl-bhaiya-bhabhi-rakhi-lumba-set,,,,,,,,,,,,,,,,,,,,https://res.cloudinary.com/m5yixuhw/image/upload/v1785528495/037_5_nvexqw.png,3,Neelam Pearl Bhaiya Bhabhi Rakhi Lumba Set - Image 3,,,
panna-pearl-bhaiya-bhabhi-rakhi-lumba-set,Panna Pearl Bhaiya Bhabhi Rakhi Lumba Set,"<p>Celebrate the bond of love with Delisha Karigari's Panna Pearl Bhaiya Bhabhi Set from our Regal Pearl Collection. Designed with luxurious pearl strands, a stunning emerald-inspired centerpiece, gold accents, and a coordinating designer rakhi, this handcrafted festive set is perfect for gifting your Bhaiya & Bhabhi. A blend of elegance, tradition, and premium craftsmanship, it's a keepsake they'll cherish beyond Raksha Bandhan.</p>",Delisha Karigari,Arts & Entertainment > Party & Celebration > Gift Giving > Gift Wrapping,Royal Pearl Rakhi Collection,"Bhaiya Bhabhi, Festive, Gift, Handcrafted, Lumba, Pearl, Rakhi, Royal Pearl Rakhi Collection, Set",TRUE,Title,Default Title,DK-038,100,shopify,20,deny,manual,899.00,,TRUE,TRUE,https://res.cloudinary.com/m5yixuhw/image/upload/v1785528495/038_2_epjuhu.png,1,Panna Pearl Bhaiya Bhabhi Rakhi Lumba Set,Panna Pearl Bhaiya Bhabhi Rakhi Lumba Set | Delisha Karigari,"A handcrafted Bhaiya Bhabhi Rakhi set featuring elegant pearl strands, emerald-inspired stone detailing, and a matching designer rakhi perfect for celebrating R",active
panna-pearl-bhaiya-bhabhi-rakhi-lumba-set,,,,,,,,,,,,,,,,,,,,https://res.cloudinary.com/m5yixuhw/image/upload/v1785528497/038_3_nyvr50.png,2,Panna Pearl Bhaiya Bhabhi Rakhi Lumba Set - Image 2,,,
panna-pearl-bhaiya-bhabhi-rakhi-lumba-set,,,,,,,,,,,,,,,,,,,,https://res.cloudinary.com/m5yixuhw/image/upload/v1785528496/038_4_xbmcgl.png,3,Panna Pearl Bhaiya Bhabhi Rakhi Lumba Set - Image 3,,,
nazar-noor-bhaiya-bhabhi-rakhi-lumba-set,Nazar Noor Bhaiya Bhabhi Rakhi Lumba Set,"<p>Celebrate Raksha Bandhan with blessings, style, and protection through Delisha Karigari's Nazar Noor Bhaiya Bhabhi Set. Designed with vibrant evil eye charms, intricate stone embellishments, pearl detailing, and a handcrafted designer lumba, this premium set symbolizes love, prosperity, and protection from negative energy. Thoughtfully crafted for Bhaiya & Bhabhi, it's a festive keepsake they'll treasure long after the celebrations.</p>",Delisha Karigari,Arts & Entertainment > Party & Celebration > Gift Giving > Gift Wrapping,Nazariya Collection,"Bhaiya Bhabhi, Festive, Gift, Handcrafted, Lumba, Nazariya, Nazariya Collection, Rakhi, Set",TRUE,Title,Default Title,DK-041,100,shopify,20,deny,manual,999.00,,TRUE,TRUE,https://res.cloudinary.com/m5yixuhw/image/upload/v1785528497/041_2_jshjvx.png,1,Nazar Noor Bhaiya Bhabhi Rakhi Lumba Set,Nazar Noor Bhaiya Bhabhi Rakhi Lumba Set | Delisha Karigari,"Protect your loved ones with the elegance of the Nazar Noor Bhaiya Bhabhi Set, featuring handcrafted evil eye motifs, premium beads, and a beautifully coordinat",active
nazar-noor-bhaiya-bhabhi-rakhi-lumba-set,,,,,,,,,,,,,,,,,,,,https://res.cloudinary.com/m5yixuhw/image/upload/v1785528495/041_3_pbew1r.png,2,Nazar Noor Bhaiya Bhabhi Rakhi Lumba Set - Image 2,,,
shree-gajraj-pearl-rakhi-lumba-ring-set,Shree Gajraj Pearl Rakhi Lumba Ring Set,"<p>Celebrate with the blessings of Ganpati through Delisha Karigari’s Shree Gajraj Pearl Rakhi Set. Featuring a statement pearl lumba, coordinating designer rakhi and Ganpati motif, this premium Bhaiya Bhabhi Rakhi set blends traditional Indian symbolism with festive elegance. A meaningful Raksha Bandhan gift for celebrating love, prosperity and new beginnings.</p>",Delisha Karigari,Arts & Entertainment > Party & Celebration > Gift Giving > Gift Wrapping,Royal Pearl Rakhi Collection,"Bhaiya Bhabhi, Festive, Gift, Handcrafted, Lumba, Pearl, Rakhi, Ring, Royal Pearl Rakhi Collection, Set",TRUE,Title,Default Title,DK-043,100,shopify,20,deny,manual,999.00,,TRUE,TRUE,https://res.cloudinary.com/m5yixuhw/image/upload/v1785579167/043_2_mscblx.png,1,Shree Gajraj Pearl Rakhi Lumba Ring Set,Shree Gajraj Pearl Rakhi Lumba Ring Set | Delisha Karigari,"An auspicious Ganpati-inspired Bhaiya Bhabhi Rakhi set featuring elegant pearl strands, colourful beads and sparkling stone detailing crafted for a beautiful an",active
shree-gajraj-pearl-rakhi-lumba-ring-set,,,,,,,,,,,,,,,,,,,,https://res.cloudinary.com/m5yixuhw/image/upload/v1785579167/043_3_qvmjz0.png,2,Shree Gajraj Pearl Rakhi Lumba Ring Set - Image 2,,,
shree-gajraj-pearl-rakhi-lumba-ring-set,,,,,,,,,,,,,,,,,,,,https://res.cloudinary.com/m5yixuhw/image/upload/v1785579166/043_1_dummmv.png,3,Shree Gajraj Pearl Rakhi Lumba Ring Set - Image 3,,,
shagun-pearl-rakhi-lumba-ring-set,Shagun Pearl Rakhi Lumba Ring Set,"<p>Celebrate Raksha Bandhan with Delisha Karigari’s Shagun Pearl Rakhi Lumba Ring Set. Featuring an auspicious tortoise-inspired motif, luxurious pearl lumba, colourful bead accents and a matching designer rakhi, this premium Bhaiya Bhabhi set beautifully combines traditional Indian aesthetics with festive elegance. A distinctive Raksha Bandhan gift crafted for memorable celebrations.</p>",Delisha Karigari,Arts & Entertainment > Party & Celebration > Gift Giving > Gift Wrapping,Royal Pearl Rakhi Collection,"Bhaiya Bhabhi, Festive, Gift, Handcrafted, Lumba, Pearl, Rakhi, Ring, Royal Pearl Rakhi Collection, Set",TRUE,Title,Default Title,DK-044,100,shopify,20,deny,manual,999.00,,TRUE,TRUE,https://res.cloudinary.com/m5yixuhw/image/upload/v1785579168/044_2_i5jjy2.png,1,Shagun Pearl Rakhi Lumba Ring Set,Shagun Pearl Rakhi Lumba Ring Set | Delisha Karigari,"A statement Bhaiya Bhabhi Rakhi set featuring traditional tortoise motifs, layered pearls, vibrant festive beads and elegant stone detailing.",active
shagun-pearl-rakhi-lumba-ring-set,,,,,,,,,,,,,,,,,,,,https://res.cloudinary.com/m5yixuhw/image/upload/v1785579169/044_3_djxdh6.png,2,Shagun Pearl Rakhi Lumba Ring Set - Image 2,,,
shagun-pearl-rakhi-lumba-ring-set,,,,,,,,,,,,,,,,,,,,https://res.cloudinary.com/m5yixuhw/image/upload/v1785579169/044_4_ekm438.png,3,Shagun Pearl Rakhi Lumba Ring Set - Image 3,,,
shagun-pearl-rakhi-lumba-ring-set,,,,,,,,,,,,,,,,,,,,https://res.cloudinary.com/m5yixuhw/image/upload/v1785579167/044_1_ltebrx.png,4,Shagun Pearl Rakhi Lumba Ring Set - Image 4,,,
mor-mahal-pearl-bhaiya-bhabhi-rakhi-lumba-ring-set,Mor Mahal Pearl Bhaiya Bhabhi Rakhi Lumba Ring Set,"<p>Celebrate Raksha Bandhan with Delisha Karigari’s Mor Mahal Pearl Bhaiya Bhabhi Rakhi Set. Designed around an intricate peacock motif, the set pairs rich royal blue accents with lustrous pearls, sparkling stone detailing and elegant golden elements. Complete with a Rakhi for Bhaiya, pearl Lumba for Bhabhi and matching peacock ring, it makes a distinctive Raksha Bandhan gift for your brother and sister-in-law.</p>",Delisha Karigari,Arts & Entertainment > Party & Celebration > Gift Giving > Gift Wrapping,Royal Pearl Rakhi Collection,"Bhaiya Bhabhi, Festive, Gift, Handcrafted, Lumba, Pearl, Rakhi, Ring, Royal Pearl Rakhi Collection, Set",TRUE,Title,Default Title,DK-045,100,shopify,20,deny,manual,999.00,,TRUE,TRUE,https://res.cloudinary.com/m5yixuhw/image/upload/v1785579169/045_2_zx0tiu.png,1,Mor Mahal Pearl Bhaiya Bhabhi Rakhi Lumba Ring Set,Mor Mahal Pearl Bhaiya Bhabhi Rakhi Lumba Ring Set | Delisha Karigari,"A regal peacock-themed Bhaiya Bhabhi Rakhi set featuring a blue peacock Rakhi, an elegant multi-strand pearl Lumba with blue bead hangings, and a matching state",active
mor-mahal-pearl-bhaiya-bhabhi-rakhi-lumba-ring-set,,,,,,,,,,,,,,,,,,,,https://res.cloudinary.com/m5yixuhw/image/upload/v1785579166/045_3_vxerkk.png,2,Mor Mahal Pearl Bhaiya Bhabhi Rakhi Lumba Ring Set - Image 2,,,
mor-mahal-pearl-bhaiya-bhabhi-rakhi-lumba-ring-set,,,,,,,,,,,,,,,,,,,,https://res.cloudinary.com/m5yixuhw/image/upload/v1785579169/045_1_ubeqhc.png,3,Mor Mahal Pearl Bhaiya Bhabhi Rakhi Lumba Ring Set - Image 3,,,
shree-krishna-blessings-rakhi-duo,Shree Krishna Blessings Rakhi Duo,"<p>Celebrate the sacred bond of Raksha Bandhan with Delisha Karigari’s Shree Krishna Blessings Rakhi Duo. Featuring a traditional Radha Krishna centerpiece, colourful beads, golden detailing and a complementary beaded Rakhi, this set beautifully blends spirituality with contemporary festive style. Ideal as a Rakhi set for 2 brothers or a meaningful Krishna-inspired Raksha Bandhan gift.</p>",Delisha Karigari,Arts & Entertainment > Party & Celebration > Gift Giving > Gift Wrapping,Blessed Collection,"Blessed Collection, Festive, Gift, Handcrafted, Krishna, Rakhi, Set",TRUE,Title,Default Title,DK-046,100,shopify,20,deny,manual,599.00,,TRUE,TRUE,https://res.cloudinary.com/m5yixuhw/image/upload/v1785579166/046_2_ilj2jo.png,1,Shree Krishna Blessings Rakhi Duo,Shree Krishna Blessings Rakhi Duo | Delisha Karigari,"A festive set of 2 designer Rakhis, featuring a beautiful Radha Krishna motif Rakhi paired with an elegant neutral beaded Rakhi perfect for celebrating brothers",active
shree-krishna-blessings-rakhi-duo,,,,,,,,,,,,,,,,,,,,https://res.cloudinary.com/m5yixuhw/image/upload/v1785579167/046_3_yjueel.png,2,Shree Krishna Blessings Rakhi Duo - Image 2,,,
rangrez-designer-rakhi-duo,Rangrez Designer Rakhi Duo,"<p>Delisha Karigari’s Rangrez Designer Rakhi Duo brings together traditional Indian detailing with festive red, blue and gold accents. Designed with decorative stone centrepieces and elegant beadwork, this Rakhi set for 2 brothers is a beautiful choice for a colourful and traditional Raksha Bandhan celebration.</p>",Delisha Karigari,Arts & Entertainment > Party & Celebration > Gift Giving > Gift Wrapping,Festive Rakhi Collection,"Festive, Festive Rakhi Collection, Gift, Handcrafted, Rakhi, Set",TRUE,Title,Default Title,DK-047,100,shopify,20,deny,manual,599.00,,TRUE,TRUE,https://res.cloudinary.com/m5yixuhw/image/upload/v1785579169/047_3_ebmsfl.png,1,Rangrez Designer Rakhi Duo,Rangrez Designer Rakhi Duo | Delisha Karigari,"A vibrant set of 2 designer Rakhis featuring colourful stones, beads, pearls and golden detailing—perfect for celebrating Raksha Bandhan with two brothers.",active
rangrez-designer-rakhi-duo,,,,,,,,,,,,,,,,,,,,https://res.cloudinary.com/m5yixuhw/image/upload/v1785579170/047_5_beuv7u.png,2,Rangrez Designer Rakhi Duo - Image 2,,,
rangrez-designer-rakhi-duo,,,,,,,,,,,,,,,,,,,,https://res.cloudinary.com/m5yixuhw/image/upload/v1785579168/047_1_drzn4p.png,3,Rangrez Designer Rakhi Duo - Image 3,,,
shubh-ganesha-krishna-rakhi-duo,Shubh Ganesha & Krishna Rakhi Duo,"<p>Celebrate Raksha Bandhan with divine blessings through Delisha Karigari’s Shubh Ganesha & Krishna Rakhi Duo. Featuring auspicious deity-inspired motifs with colourful beads and traditional detailing, this Rakhi set for 2 brothers beautifully combines devotion, protection and festive charm.</p>",Delisha Karigari,Arts & Entertainment > Party & Celebration > Gift Giving > Gift Wrapping,Blessed Collection,"Blessed Collection, Festive, Ganesh, Gift, Handcrafted, Krishna, Rakhi, Set",TRUE,Title,Default Title,DK-048,100,shopify,20,deny,manual,599.00,,TRUE,TRUE,https://res.cloudinary.com/m5yixuhw/image/upload/v1785579170/048_2_xkt7yp.png,1,Shubh Ganesha & Krishna Rakhi Duo,Shubh Ganesha & Krishna Rakhi Duo | Delisha Karigari,"A colourful set of 2 auspicious Rakhis featuring Ganesha and Krishna-inspired motifs, finished with multicoloured beads and traditional golden detailing.",active
shubh-ganesha-krishna-rakhi-duo,,,,,,,,,,,,,,,,,,,,https://res.cloudinary.com/m5yixuhw/image/upload/v1785579171/048_3_m0gu8h.png,2,Shubh Ganesha & Krishna Rakhi Duo - Image 2,,,
shubh-ganesha-krishna-rakhi-duo,,,,,,,,,,,,,,,,,,,,https://res.cloudinary.com/m5yixuhw/image/upload/v1785579170/048_1_yp9r6p.png,3,Shubh Ganesha & Krishna Rakhi Duo - Image 3,,,
shubh-gaumata-rakhi-duo,Shubh Gaumata Rakhi Duo,"<p>Delisha Karigari’s Shubh Gaumata Rakhi Duo combines auspicious Indian symbolism with colourful beads, golden accents and sparkling stone detailing. This designer Rakhi set for 2 brothers is a beautiful choice for gifting blessings, love and protection this Raksha Bandhan.</p>",Delisha Karigari,Arts & Entertainment > Party & Celebration > Gift Giving > Gift Wrapping,Blessed Collection,"Blessed Collection, Festive, Gift, Handcrafted, Rakhi, Set",TRUE,Title,Default Title,DK-049,100,shopify,20,deny,manual,599.00,,TRUE,TRUE,https://res.cloudinary.com/m5yixuhw/image/upload/v1785579171/049_3_fblcnw.png,1,Shubh Gaumata Rakhi Duo,Shubh Gaumata Rakhi Duo | Delisha Karigari,"A vibrant set of 2 traditional Rakhis, featuring an auspicious Gaumata motif and colourful festive detailing, designed for a meaningful Raksha Bandhan celebrati",active
shubh-gaumata-rakhi-duo,,,,,,,,,,,,,,,,,,,,https://res.cloudinary.com/m5yixuhw/image/upload/v1785579171/049_2_ytlpiu.png,2,Shubh Gaumata Rakhi Duo - Image 2,,,
shubh-gaumata-rakhi-duo,,,,,,,,,,,,,,,,,,,,https://res.cloudinary.com/m5yixuhw/image/upload/v1785579171/049_1_rmadej.png,3,Shubh Gaumata Rakhi Duo - Image 3,,,
shri-radha-krishna-nazariya-rakhi-trio,Shri Radha Krishna Nazariya Rakhi Trio,"<p>Delisha Karigari’s Shri Radha Krishna Nazariya Rakhi Trio combines divine symbolism with contemporary evil-eye detailing. Featuring 3 Rakhis for brothers in beautiful blue, pearl and multicolour accents, this set is ideal for celebrating Raksha Bandhan with blessings, protection and festive elegance.</p>",Delisha Karigari,Arts & Entertainment > Party & Celebration > Gift Giving > Gift Wrapping,Blessed Collection,"Blessed Collection, Festive, Gift, Handcrafted, Krishna, Nazariya, Rakhi, Set",TRUE,Title,Default Title,DK-500,100,shopify,20,deny,manual,699.00,,TRUE,TRUE,https://res.cloudinary.com/m5yixuhw/image/upload/v1785579171/050_2_muhpz7.png,1,Shri Radha Krishna Nazariya Rakhi Trio,Shri Radha Krishna Nazariya Rakhi Trio | Delisha Karigari,"A meaningful set of 3 designer Rakhis featuring Shri Radha Krishna, evil eye motifs and elegant blue-toned beadwork for a festive blend of blessings and protect",active
shri-radha-krishna-nazariya-rakhi-trio,,,,,,,,,,,,,,,,,,,,https://res.cloudinary.com/m5yixuhw/image/upload/v1785579172/050_3_otmd4v.png,2,Shri Radha Krishna Nazariya Rakhi Trio - Image 2,,,
shri-radha-krishna-nazariya-rakhi-trio,,,,,,,,,,,,,,,,,,,,https://res.cloudinary.com/m5yixuhw/image/upload/v1785579171/050_1_eb3itd.png,3,Shri Radha Krishna Nazariya Rakhi Trio - Image 3,,,
neel-nazar-evil-eye-rakhi-trio,Neel Nazar Evil Eye Rakhi Trio,"<p>Delisha Karigari’s Neel Nazar Evil Eye Rakhi Trio features three distinctive blue nazariya designs embellished with pearls, colourful beads and sparkling accents. A contemporary Rakhi set for 3 brothers, combining traditional nazar symbolism with modern festive styling for Raksha Bandhan.</p>",Delisha Karigari,Arts & Entertainment > Party & Celebration > Gift Giving > Gift Wrapping,Nazariya Collection,"Festive, Gift, Handcrafted, Nazariya, Nazariya Collection, Rakhi, Set",TRUE,Title,Default Title,DK-051,100,shopify,20,deny,manual,699.00,,TRUE,TRUE,https://res.cloudinary.com/m5yixuhw/image/upload/v1785579173/051_2_kjpb9y.png,1,Neel Nazar Evil Eye Rakhi Trio,Neel Nazar Evil Eye Rakhi Trio | Delisha Karigari,"A stylish set of 3 Evil Eye Rakhis featuring blue nazariya motifs, pearls, beads and sparkling stone detailing designed as a symbol of love and protection.",active
neel-nazar-evil-eye-rakhi-trio,,,,,,,,,,,,,,,,,,,,https://res.cloudinary.com/m5yixuhw/image/upload/v1785579173/051_3_c2zl4b.png,2,Neel Nazar Evil Eye Rakhi Trio - Image 2,,,
neel-nazar-evil-eye-rakhi-trio,,,,,,,,,,,,,,,,,,,,https://res.cloudinary.com/m5yixuhw/image/upload/v1785579172/051_1_xr1pve.png,3,Neel Nazar Evil Eye Rakhi Trio - Image 3,,,
crystal-bloom-pearl-bhaiya-bhabhi-rakhi-lumba-combo,Crystal Bloom Pearl Bhaiya Bhabhi Rakhi Lumba Combo,"<p>Celebrate Raksha Bandhan with Delisha Karigari’s Crystal Bloom Pearl Bhaiya Bhabhi Rakhi lumba Set, beautifully designed with statement crystal motifs, pearl detailing and an elegant pearl Lumba for Bhabhi. A sophisticated choice for those looking for a premium designer Bhaiya Bhabhi Rakhi Lumba set online.</p>",Delisha Karigari,Arts & Entertainment > Party & Celebration > Gift Giving > Gift Wrapping,Royal Pearl Collection,"Bhaiya Bhabhi, Festive, Gift, Handcrafted, Lumba, Pearl, Rakhi, Royal Pearl Collection, Set",TRUE,Title,Default Title,DK-052,100,shopify,20,deny,manual,899.00,,TRUE,TRUE,https://res.cloudinary.com/m5yixuhw/image/upload/v1785579173/052e_2_txvzvo.png,1,Crystal Bloom Pearl Bhaiya Bhabhi Rakhi Lumba Combo,Crystal Bloom Pearl Bhaiya Bhabhi Rakhi Lumba Combo | Delisha Karigari,"An elegant Bhaiya Bhabhi Rakhi Lumba set featuring a sparkling crystal floral design, lustrous pearls and graceful pearl tassels for a luxurious Raksha Bandhan ",active
crystal-bloom-pearl-bhaiya-bhabhi-rakhi-lumba-combo,,,,,,,,,,,,,,,,,,,,https://res.cloudinary.com/m5yixuhw/image/upload/v1785579173/052e_3_odycur.png,2,Crystal Bloom Pearl Bhaiya Bhabhi Rakhi Lumba Combo - Image 2,,,
crystal-bloom-pearl-bhaiya-bhabhi-rakhi-lumba-combo,,,,,,,,,,,,,,,,,,,,https://res.cloudinary.com/m5yixuhw/image/upload/v1785579173/052e_1_b8ylmi.png,3,Crystal Bloom Pearl Bhaiya Bhabhi Rakhi Lumba Combo - Image 3,,,
shubh-kundan-rakhi-duo-kundan-pearl-rakhi-set-of-2-for-brother,Shubh Kundan Rakhi Duo | Kundan Pearl Rakhi Set of 2 for Brother,"<p>Celebrate Raksha Bandhan with Delisha Karigari’s Shubh Kundan Rakhi Duo, a traditional Rakhi set of 2 for brothers crafted with sparkling Kundan-style detailing, pearls and festive golden beads. An elegant choice for gifting brothers and celebrating the sacred bond of Raksha Bandhan.</p>",Delisha Karigari,Arts & Entertainment > Party & Celebration > Gift Giving > Gift Wrapping,Festive Rakhi Collection,"Festive, Festive Rakhi Collection, Gift, Handcrafted, Kundan, Pearl, Rakhi, Set",TRUE,Title,Default Title,DK-053,100,shopify,20,deny,manual,599.00,,TRUE,TRUE,https://res.cloudinary.com/m5yixuhw/image/upload/v1785579174/053_2_darb28.png,1,Shubh Kundan Rakhi Duo | Kundan Pearl Rakhi Set of 2 for Brother,Shubh Kundan Rakhi Duo | Kundan Pearl Rakhi Set of 2 for Brother | Del,"Traditional set of 2 Rakhis featuring elegant Kundan-style stones, pearls, golden beads and auspicious red threads.",active
shubh-kundan-rakhi-duo-kundan-pearl-rakhi-set-of-2-for-brother,,,,,,,,,,,,,,,,,,,,https://res.cloudinary.com/m5yixuhw/image/upload/v1785579174/053_4_stwhgn.png,2,Shubh Kundan Rakhi Duo | Kundan Pearl Rakhi Set of 2 for Brother - Image 2,,,
shubh-kundan-rakhi-duo-kundan-pearl-rakhi-set-of-2-for-brother,,,,,,,,,,,,,,,,,,,,https://res.cloudinary.com/m5yixuhw/image/upload/v1785579173/053_1_gmefwk.png,3,Shubh Kundan Rakhi Duo | Kundan Pearl Rakhi Set of 2 for Brother - Image 3,,,
krishna-bansuri-rakhi-lumba-set,Krishna Bansuri Rakhi Lumba Set,"<p>Celebrate the sacred bond of Raksha Bandhan with Delisha Karigari’s Krishna Bansuri Rakhi Lumba Set. Inspired by Lord Krishna playing his beloved bansuri (flute), this beautifully detailed set combines traditional symbolism with elegant festive craftsmanship. Pearl accents, rich blue beads, golden detailing and an intricately designed Krishna-inspired motif create a graceful Rakhi and Lumba set for Bhaiya Bhabhi. A meaningful choice for those who love Krishna-inspired and divine Rakhi designs.</p>",Delisha Karigari,Arts & Entertainment > Party & Celebration > Gift Giving > Gift Wrapping,Blessed Collection,"Bhaiya Bhabhi, Blessed Collection, Festive, Gift, Handcrafted, Krishna, Lumba, Rakhi, Set",TRUE,Title,Default Title,DK-1010,100,shopify,20,deny,manual,999.00,,TRUE,TRUE,https://res.cloudinary.com/m5yixuhw/image/upload/v1785664761/101_2_plfpnn.png,1,Krishna Bansuri Rakhi Lumba Set,Krishna Bansuri Rakhi Lumba Set | Delisha Karigari,"A divine Krishna Bansuri Rakhi Lumba Set featuring a Krishna-flute motif, pearls, blue beads and intricate golden detailing.",active
krishna-bansuri-rakhi-lumba-set,,,,,,,,,,,,,,,,,,,,https://res.cloudinary.com/m5yixuhw/image/upload/v1785664761/101_3_mjvdfi.png,2,Krishna Bansuri Rakhi Lumba Set - Image 2,,,
krishna-bansuri-rakhi-lumba-set,,,,,,,,,,,,,,,,,,,,https://res.cloudinary.com/m5yixuhw/image/upload/v1785664762/101_4_ynfjd9.png,3,Krishna Bansuri Rakhi Lumba Set - Image 3,,,
krishna-bansuri-rakhi-lumba-set,,,,,,,,,,,,,,,,,,,,https://res.cloudinary.com/m5yixuhw/image/upload/v1785664761/101_1_z37gza.png,4,Krishna Bansuri Rakhi Lumba Set - Image 4,,,
peacock-blossom-bhaiya-bhabhi-rakhi-lumba-set,Peacock Blossom Bhaiya Bhabhi Rakhi Lumba Set,"<p>Celebrate the bond of Raksha Bandhan with the Peacock Blossom Bhaiya Bhabhi Rakhi Lumba Set by Delisha Karigari. Designed with beautiful peacock-inspired motifs, sparkling stones, pearls and colourful beads, this set includes a designer Rakhi for Bhaiya and an elaborate Lumba for Bhabhi. Its traditional yet vibrant design makes it ideal for festive gifting and Raksha Bandhan celebrations.</p>",Delisha Karigari,Arts & Entertainment > Party & Celebration > Gift Giving > Gift Wrapping,Festive Rakhi Collection,"Bhaiya Bhabhi, Festive, Festive Rakhi Collection, Gift, Handcrafted, Lumba, Peacock, Rakhi, Set",TRUE,Title,Default Title,DK-1020,100,shopify,20,deny,manual,999.00,,TRUE,TRUE,https://res.cloudinary.com/m5yixuhw/image/upload/v1785664762/102_2_zytitl.png,1,Peacock Blossom Bhaiya Bhabhi Rakhi Lumba Set,Peacock Blossom Bhaiya Bhabhi Rakhi Lumba Set | Delisha Karigari,Celebrate the bond of Raksha Bandhan with the Peacock Blossom Bhaiya Bhabhi Rakhi Lumba Set by Delisha Karigari. Designed with beautiful peacock-inspired motifs,active
peacock-blossom-bhaiya-bhabhi-rakhi-lumba-set,,,,,,,,,,,,,,,,,,,,https://res.cloudinary.com/m5yixuhw/image/upload/v1785664762/102_3_aqynip.png,2,Peacock Blossom Bhaiya Bhabhi Rakhi Lumba Set - Image 2,,,
peacock-blossom-bhaiya-bhabhi-rakhi-lumba-set,,,,,,,,,,,,,,,,,,,,https://res.cloudinary.com/m5yixuhw/image/upload/v1785664761/102_1_mvesuo.png,3,Peacock Blossom Bhaiya Bhabhi Rakhi Lumba Set - Image 3,,,
mayur-shringar-bhaiya-bhabhi-rakhi-lumba-set,Mayur Shringar Bhaiya Bhabhi Rakhi Lumba Set,"<p>Celebrate Raksha Bandhan with this elegant Bhaiya Bhabhi Peacock Feather Rakhi Lumba Set from Delisha Karigari. Featuring intricate peacock-inspired detailing, traditional Mauli threads, pearls and colourful embellishments, this Rakhi and Lumba combination brings together traditional Indian craftsmanship and festive elegance. A beautiful Raksha Bandhan gift set for Bhaiya and Bhabhi, thoughtfully designed for a memorable celebration.</p>",Delisha Karigari,Arts & Entertainment > Party & Celebration > Gift Giving > Gift Wrapping,Festive Rakhi Collection,"Bhaiya Bhabhi, Festive, Festive Rakhi Collection, Gift, Handcrafted, Lumba, Peacock, Rakhi, Ring, Set",TRUE,Title,Default Title,DK-580,100,shopify,20,deny,manual,899.00,,TRUE,TRUE,https://res.cloudinary.com/m5yixuhw/image/upload/v1786871873/058_3_irk1yq.png,1,Mayur Shringar Bhaiya Bhabhi Rakhi Lumba Set,Mayur Shringar Bhaiya Bhabhi Rakhi Lumba Set | Delisha Karigari,"Elegant Bhaiya Bhabhi Rakhi Lumba set featuring a beautiful peacock-inspired design, Mauli threads, pearls and detailed festive embellishments.",active
mayur-shringar-bhaiya-bhabhi-rakhi-lumba-set,,,,,,,,,,,,,,,,,,,,https://res.cloudinary.com/m5yixuhw/image/upload/v1786871873/058_2_phhdqy.png,2,Mayur Shringar Bhaiya Bhabhi Rakhi Lumba Set - Image 2,,,
mayur-shringar-bhaiya-bhabhi-rakhi-lumba-set,,,,,,,,,,,,,,,,,,,,https://res.cloudinary.com/m5yixuhw/image/upload/v1786871875/058_4_urohjo.png,3,Mayur Shringar Bhaiya Bhabhi Rakhi Lumba Set - Image 3,,,
mayur-shringar-bhaiya-bhabhi-rakhi-lumba-set,,,,,,,,,,,,,,,,,,,,https://res.cloudinary.com/m5yixuhw/image/upload/v1786871880/058_1_ovu8pl.png,4,Mayur Shringar Bhaiya Bhabhi Rakhi Lumba Set - Image 4,,,
basant-phool-nazariya-bhaiya-bhabhi-rakhi-ring-set,Basant Phool Nazariya Bhaiya Bhabhi Rakhi Ring Set,"<p>Celebrate Raksha Bandhan with the Peeli Phool Nazariya Rakhi Ring Set from Delisha Karigari. Designed with a striking yellow floral centre, traditional pearls, blue nazariya beads and sparkling embellishments, this Bhaiya Bhabhi Rakhi set brings together festive charm and contemporary elegance. The coordinated Rakhi, Lumba and matching ring make it a beautiful and thoughtful Raksha Bandhan gift for your brother and bhabhi.</p>",Delisha Karigari,Arts & Entertainment > Party & Celebration > Gift Giving > Gift Wrapping,Nazariya Collection,"Bhaiya Bhabhi, Festive, Gift, Handcrafted, Nazariya, Nazariya Collection, Rakhi, Ring, Set",TRUE,Title,Default Title,DK-59YELLOW,100,shopify,20,deny,manual,899.00,,TRUE,TRUE,https://res.cloudinary.com/m5yixuhw/image/upload/v1786871879/059y_3_rtu6aq.png,1,Basant Phool Nazariya Bhaiya Bhabhi Rakhi Ring Set,Basant Phool Nazariya Bhaiya Bhabhi Rakhi Ring Set | Delisha Karigari,"A vibrant Bhaiya Bhabhi Rakhi Ring Set featuring a beautiful yellow flower, blue evil-eye beads, pearl detailing and a matching nazariya ring.",active
basant-phool-nazariya-bhaiya-bhabhi-rakhi-ring-set,,,,,,,,,,,,,,,,,,,,https://res.cloudinary.com/m5yixuhw/image/upload/v1786871877/059y_2_r01jud.png,2,Basant Phool Nazariya Bhaiya Bhabhi Rakhi Ring Set - Image 2,,,
basant-phool-nazariya-bhaiya-bhabhi-rakhi-ring-set,,,,,,,,,,,,,,,,,,,,https://res.cloudinary.com/m5yixuhw/image/upload/v1786871879/059y_4_pt32fr.png,3,Basant Phool Nazariya Bhaiya Bhabhi Rakhi Ring Set - Image 3,,,
basant-phool-nazariya-bhaiya-bhabhi-rakhi-ring-set,,,,,,,,,,,,,,,,,,,,https://res.cloudinary.com/m5yixuhw/image/upload/v1786871877/059y_1_mwwxof.png,4,Basant Phool Nazariya Bhaiya Bhabhi Rakhi Ring Set - Image 4,,,
pink-bloom-nazariya-rakhi-ring-set,Pink Bloom Nazariya Rakhi Ring Set,"<p>Celebrate Raksha Bandhan with the Pink Bloom Nazariya Rakhi Ring Set from Delisha Karigari. This elegant Bhaiya Bhabhi Rakhi set combines vibrant pink floral detailing with traditional nazariya/evil-eye motifs, lustrous pearls, colourful beads and intricate embellishments. The set includes a beautifully detailed Rakhi, matching Lumba and coordinated nazariya ring, making it a stylish and meaningful Raksha Bandhan gift.</p>",Delisha Karigari,Arts & Entertainment > Party & Celebration > Gift Giving > Gift Wrapping,Nazariya Collection,"Festive, Gift, Handcrafted, Nazariya, Nazariya Collection, Rakhi, Ring, Set",TRUE,Title,Default Title,DK-59BLUEPINK,100,shopify,20,deny,manual,899.00,,TRUE,TRUE,https://res.cloudinary.com/m5yixuhw/image/upload/v1786871873/059blue_ee_flower_pink_3_qhcqdd.png,1,Pink Bloom Nazariya Rakhi Ring Set,Pink Bloom Nazariya Rakhi Ring Set | Delisha Karigari,"A beautiful pink floral Nazariya Rakhi Ring Set featuring evil-eye motifs, pearl detailing, sparkling embellishments and a matching ring.",active
pink-bloom-nazariya-rakhi-ring-set,,,,,,,,,,,,,,,,,,,,https://res.cloudinary.com/m5yixuhw/image/upload/v1786871873/059blue_ee_flower_pink_2_dukcew.png,2,Pink Bloom Nazariya Rakhi Ring Set - Image 2,,,
pink-bloom-nazariya-rakhi-ring-set,,,,,,,,,,,,,,,,,,,,https://res.cloudinary.com/m5yixuhw/image/upload/v1786871875/059blue_ee_flower_pink_4_yfvyk7.png,3,Pink Bloom Nazariya Rakhi Ring Set - Image 3,,,
pink-bloom-nazariya-rakhi-ring-set,,,,,,,,,,,,,,,,,,,,https://res.cloudinary.com/m5yixuhw/image/upload/v1786871873/059blue_ee_flower_pink_1_gxgw5s.png,4,Pink Bloom Nazariya Rakhi Ring Set - Image 4,,,
